code_insee,nom
02113,Branges
02825,Vouël
04002,Ainac
04003,Albiosc
04015,Auribeau
04036,Le Brusquet
04037,Le Caire
04080,Esclangon
04098,Lambert
04103,Levens
04117,Melan
04124,Montagnac
04146,La Pérusse
04177,Saint-Estève
04185,Saint-Jurson
04211,Sourribes
04212,Taloire
04213,Tanaron
04232,Valsaintes
04239,Villars-Brandis
04243,Villevieille
05015,Barret-le-Haut
05083,Montéglin
05105,Pomet
05137,Saint-Cyrice
05143,Saint-Genis
05155,Saint-Pierre-Avez
07046,Casteljau
07125,Lafigère
07180,Le Pouzat
07270,Saint-Martin-le-Supérieur
08012,Andevanne
08047,Tergnier
08227,Hocmont
08241,Juzancourt
08265,Mainbresson
08285,Meillier-Fontaine
08423,Sivry-lès-Buzancy
08474,Villemontry
09010,Amplaing
09040,La Bastide-de-Lordat
09058,Bompas
09072,Calzan
09090,Cazaux
09104,Dalou
09109,Durfort
09117,Esplas
09121,Ferrières-sur-Ariège
09144,Irazein
09146,Justiniac
09147,Labatut
09159,Lassur
09170,Lissac
09175,Ludiès
09191,Merviel
09195,Monesple
09196,Montagagne
09244,Rieucros
09245,Rieux-de-Pelleport
09248,Rogalle
09256,Saint-Bauzeil
09276,Saint-Victor-Rouzaud
09278,Saleix
09333,Vic
09337,Villeneuve-du-Bosc
10001,L'Abbaye-sous-Plancy
10016,Aubigny
10054,Val-d'Orvin
10079,Channes
10087,Chaserey
10098,Chesley
10102,Colombé-la-Fosse
10152,Fontaine-Luyères
10185,Lagesse
10204,Longeville-sur-Mogne
10214,Magnicourt
10229,Maupas
10234,Mesgrigny
10243,Molins-sur-Aube
10244,Montangon
10269,Nozay
10273,Ortillon
10294,Poligny
10301,Pouy-sur-Vannes
10311,Quincey
10316,Rhèges-Bessy
10354,Saint-Nabord-sur-Aube
10377,Thil
10388,Turgy
10398,Vaucogne
10405,Verricourt
10431,Villiers-le-Bois
10432,Villiers-sous-Praslin
10443,Vougrey
11237,Molières-sur-l'Alberte
11349,Saint-Just-de-Bélengard
11403,Vendémies
12018,Balaguier-d'Olt
12023,La Bastide-Solages
12129,Lestrade-et-Thouels
12257,Salvagnac-Saint-Loup
12302,Villevayre
14072,Biéville-sur-Orne
14105,La Brévière
14133,Canon
14149,Cesny-aux-Vignes-Ouézy
14199,La Cressonnière
14247,Escures-sur-Favières
14312,Grandcamp-les-Bains
14330,Heurtevent
14359,Lécaude
14459,Les Moutiers-Hubert
14463,Neuilly-le-Malherbe
14485,Ouilly-le-Basset
14527,Quétiéville
14560,Saint-Aubin-Lébizay
14567,Saint-Crespin
14583,Saint-Germain-de-Montgommery
14621,Saint-Martin-de-Bienfaite
14641,Saint-Pair-du-Mont
15038,Champs-sur-Tarentaine
15056,Crandelles
15072,Freix-Anglards
15077,Gourdièges
15115,Marchal
15128,La Monselie
15139,Narnhac
15167,Rouziers
15172,Saint-Antoine
15210,Saint-Rémy-de-Salers
15233,Teissières-de-Cornet
15239,Tourniac
15269,Besse
16022,Auge
16046,Côteaux du Blanzacais
16311,Saint-Cybard
16367,Sérignac
17368,Saint-Martin-de-la-Coudre
17370,Saint-Maurice-de-Laurençanne
17475,Villenouvelle
18060,Chaumont
18061,Chaumoux-Marcilly
18085,Dampierre-en-Graçay
18102,Givardon
18123,Laverdines
18176,Parassy
18179,Pigny
18189,Quantilly
18222,Sainte-Lunaise
18244,Saugy
18253,Soulangis
18280,Vignoux-sous-les-Aix
18282,Villabon
19017,Bassignac-le-Bas
19047,Chartrier-Ferrière
19077,Estivals
19132,Ménoire
19183,Saint-Bazile-de-la-Roche
19197,Saint-Dézery
19212,Saint-Hilaire-Taurieux
19215,Saint-Julien-le-Pèlerin
19266,Thalamy
19267,La Tourette
19283,Veyrières
21019,Arçon
21174,Cirey
21352,Longeault
21453,Neuvelle-lès-Grancey
21668,Véronnes-les-Petites
22125,Lescouët-Jugon
22252,La Poterie
23010,Augères
23055,Châtelard
23078,Faux-Mazuras
23109,Linard
23120,Malleret-Boussac
23126,Masbaraud-Mérignat
23135,Morterolles
23163,La Rochette
23181,Saint-Amand-Jartoudeix
23191,Saint-Éloi
23205,Saint-Junien-la-Bregère
23217,Saint-Martin-Sainte-Catherine
23225,Saint-Oradoux-près-Crocq
23230,Saint-Pierre-Chérignat
23233,Saint-Pierre-le-Bost
23237,Saint-Priest-Palus
23253,Thauron
23256,Le Trucq
24356,Rouffignac
25023,Arcier
25037,Aveney
25064,Blanchefontaine
25068,Bois-la-Ville
25069,Boismurie
25081,Le Boulois
25118,Champvans-lès-Baume
25144,Chazelot
25158,Colombier-Châtelot
25167,Cottier
25169,Courcelles-lès-Châtillon
25260,Le Friolais
25291,Granges-de-Vienney
25294,Granges-Sainte-Marie
25353,Lusans
25396,Montferney
25407,Montursin
25409,Morchamps
25412,Mouillevillers
25485,Rémondans
25577,Vaivre
25581,Valentin
25636,Villedieu-le-Camp
26020,Auriples
26029,La Bâtie-Crémezin
26044,Béconne
26053,Bonneval-en-Diois
26109,Creyers
26120,L'Escoulin
26132,La Fare
26136,Fourcinet
26151,Jansac
26230,Petit-Paris
26237,Le Pilhon
26260,Ravel-et-Ferriers
26262,Recoubeau
26265,La Répara
26280,La Rochette-sur-Crest
26354,Treschenu
27024,Le Roncenay-Authenay
27029,Authouillet
27030,Auvergny
27054,Bémécourt
27073,Bois-le-Roi
27080,Boissy-sur-Damville
27086,Boscherville
27087,Le Bosc-Morel
27088,Bosc-Renoult-en-Ouche
27128,Cantiers
27145,Chanteloup
27153,Chauvincourt
27200,Dardez
27232,Farceaux
27236,Faverolles-les-Mares
27249,Fontaine-Bellenger
27250,Fontaine-Heudebourg
27259,Foucrainville
27272,Les Frétils
27303,Guernanville
27309,L'Habit
27314,Haricourt
27329,Hennezis
27341,L'Hosmes
27357,Jouveaux
27366,Letteguives
27379,Mainneville
27386,Le Manoir
27387,Manthelon
27409,Les Minières
27430,La Neuve-Grange
27446,Ormes
27461,Les Planches
27464,Le Plessis-Grohan
27471,Porte-de-Seine
27472,Portes
27479,Provemont
27484,Quessigny
27490,Richeville
27494,Le Roncenay
27503,Le Sacq
27506,Saint-Amand-des-Hautes-Terres
27509,Saint-Aquilin-d'Augerons
27516,Saint-Aubin-le-Vertueux
27555,Saint-Laurent-des-Bois
27556,Saint-Laurent-du-Tencement
27559,Saint-Léger-sur-Bonneville
27560,Saint-Luc
27573,Saint-Nicolas-d'Attez
27575,Saint-Nicolas-du-Bosc-l'Abbé
27583,Saint-Paër
27585,Saint-Paul-sur-Risle
27632,Le Thil
27634,Thomer-la-Sôgne
27639,Le Thuit-Simer
27659,La Trinité
27668,Le Val-David
27675,Vaux-sur-Risle
28011,Armenonville-les-Gâtineaux
28023,Bailleau-sous-Gallardon
28034,Berchères-la-Maingot
28125,Dampierre-sur-Blévy
28152,Feuilleuse
28266,Montlouet
28338,Saint-Germain-la-Gâtine
28345,Saint-Loup
2A032,Bastelicaccia
2A038,Bilia
2A056,Campo
2A094,Corrano
2A128,Granace
2A133,Guitera-les-Bains
2A144,Lopigna
2A240,Poggiolo
2A253,Quasquara
2A312,Santa-Maria-Siché
2A323,Tavaco
2A336,Valle-di-Mezzana
2A351,Villanova
2A358,Zévaco
2B161,Moïta
2B210,Pero-Casevecchie
2B242,Poggio-Mezzana
30027,Bagard
30052,Bréau-et-Salagosse
30054,Brouzet-lès-Quissac
30063,Cambo
30068,Cardet
30069,Carnas
30071,Cassagnoles
30078,Cézas
30118,Foussignargues
30137,Lamelouze
30152,Les Mages
30161,Massanes
30170,Molières-Cavaillac
30183,Moulézan
30183,Moulézan-et-Montagnac
30195,Peyrolles-en-Cévennes
30199,Pommiers
30204,Potelières
30234,Saint-Bénézet
30253,Saint-Florent-sur-Auzonnet
30265,Saint-Jean-de-Crieulon
30289,Saint-Nazaire-des-Gardies
30322,Soudorgues
30335,Vabres
31012,Arbon
31038,Azas
31062,Bellesserre
31063,Benque
31086,Bouzin
31095,Cabanac-Cazaux
31112,Castagnède
31121,Castéra-Vignoles
31125,Cathervielle
31134,Cazeneuve-Montaut
31154,Couledoux
31168,Eoux
31172,Esparron
31196,Francon
31226,Gouzens
31231,Grazac
31257,Lacasse
31265,Lagraulet-Saint-Nicolas
31274,Larcan
31318,Marignac-Laspeyres
31319,Marliac
31326,Massabrac
31357,Montastruc-de-Salies
31367,Montclar-de-Comminges
31414,Peyrissas
31422,Plagne
31447,Razecueillé
31468,Saint-André
31522,Salherm
31536,Saux-et-Pomarède
32038,Beaupuy
32052,Bezolles
32068,Cadeilhan
32088,Castillon-Debats
32092,Catonvielle
32101,Céran
32129,Estramiac
32137,Garbic
32154,Homps
32179,Lagraulas
32184,Lalanne
32232,Maravat
32259,Monbert
32313,Pessoulens
32318,Pis
32328,Pouy-Roquelaure
32332,Préneron
32357,Sainte-Anne
32368,Sainte-Christie
32372,Saint-Cricq
32379,Saint-Germier
32435,Sirac
32453,Tourrenquets
33265,Marcamps
33340,Le Puch
33430,Saint-Léger-de-Vignague
33455,Saint-Nazaire
33497,Sallebruneau
34275,Saint-Martin-des-Combes
35130,Hédé
36039,Chantôme
36054,Cléré-du-Bois
36077,Fontguenand
36083,Giroux
36085,Guilly
36122,Meunet-sur-Vatan
36136,Murs
36147,Orville
36151,Parpeçay
36169,Pruniers
36170,Reboursin
36175,Rouvres-les-Bois
36183,Sainte-Cécile
36185,Saint-Christophe-en-Bazelle
36191,Saint-Florentin
36203,Saint-Médard
36205,Saint-Pierre-de-Jards
36216,Selles-sur-Nahon
36217,Sembleçay
36225,Le Tranger
36246,Villiers
37215,Saint-Denis-Hors
38085,Charvieu
38142,Curtin
38168,La Folatière
38385,Saint-Genis
38477,Savel
39005,Abergement-Saint-Jean
39012,Antorpe
39033,Azans
39044,Beauvoisin
39067,Le Bouchaud
39071,Le Bourget
39082,Ceffia
39087,Certémery
39098,Champagny
39125,Chaumont
39144,Chevry
39152,Cinquétral
39181,Crillat
39212,Essavilly
39231,Fonteny
39242,Froidefontaine
39257,Grand-Châtel
39276,Lanéria
39311,Marangea
39357,Montjouvent
39374,Moutaine
39384,Nermier
39410,La Perrena
39416,Petit-Villard
39450,Ranchette
39459,Rivière-Devant
39496,Saint-Ylie
39521,Soyria
39536,Treffay
39563,Villard-sur-l'Ain
39578,Viremont
39580,Le Viseney
40010,Arouille
40106,Garrey
40160,Lourquen
40258,Sainte-Foy
40300,Seyresse
40334,Yzosse
41011,Baigneaux
41015,Beauvilliers
41021,La Bosse
41027,Briou
41058,Concriers
41079,Les Essarts
41081,Faye
41090,Fortan
41091,Fossé
41111,Lanthenay
41116,Lisle
41117,Longpré
41119,Lorges
41150,Mont-près-Chambord
41165,Oigny
41174,Périgny
41178,Le Plessis-l'Échelle
41186,Rahart
41190,Rocé
41191,Roches
41200,Sainte-Anne
41201,Saint-Arnoult
41202,Saint-Avit
41208,Saint-Étienne-des-Guérets
41209,Saint-Firmin-des-Prés
41210,Sainte-Gemmes
41218,Saint-Julien-sur-Cher
41219,Saint-Laurent-des-Bois
41227,Saint-Quentin-lès-Troo
41240,Seillac
41245,Séris
41277,Villebout
41283,Villemardy
41286,Villeporcher
42057,Chazeau
42080,La Cula
42244,Saint-Julien-en-Jarez
43023,Beaune-sur-Arzon
43027,Berbezit
43050,Chambezon
43057,La Chapelle-Bertin
43099,Frugerès-les-Mines
43127,Malvalette
43146,Ours-Mons
43161,Reilhac
43179,Saint-Eble
43196,Saint-Jean-d'Aubrigoux
43208,Sainte-Marguerite
43209,Sainte-Marie-des-Chazes
43219,Saint-Préjet-Armandon
43235,La Sauvetat
43243,Taulhac-près-le-Puy
43252,Varennes-Saint-Honorat
43266,Vissac
45027,Beauchamps-sur-Huillard
45044,Bougy-lez-Neuville
45046,Boulay-les-Barres
45048,Bouzonville-en-Beauce
45055,Bricy
45058,Bucy-le-Roi
45079,Le Charme
45114,Courtempierre
45117,Creusy
45128,Dossainville
45159,Grangermont
45177,Laas
45180,Langesse
45198,Marsainvilliers
45218,Le Moulinet-sur-Solin
45220,Nancray-sur-Rimarde
45221,Nangeville
45237,Orville
45241,Ouvrouer-les-Champs
45260,Ramoulu
45267,Saint-Aignan-des-Gués
45288,Saint-Loup-des-Vignes
45304,Sébouville
45319,Teillay-Saint-Benoît
45343,Villevoques
46006,Anglars-Nozac
46060,Carnac-Rouffiac
46074,Condat
46077,Cours
46083,Cressensac
46151,Lamothe-Cassel
46190,Mechmont
46196,Montamel
46222,Pomarède
46232,Les Quatre-Routes-du-Lot
46252,Saint-Cernin
46253,Saint-Chamarand
46258,Saint-Cirq-Souillaguet
46261,Sainte-Croix
46262,Saint-Cyprien
46277,Saint-Martin-le-Redon
46291,Saint-Sauveur-la-Vallée
46308,Soucirac
46312,Strenquels
46323,Ussel
46324,Uzech
46336,Vire-sur-Lot
47002,Agmé
47014,Armillac
47023,Beaugas
47071,Coulx
47072,Courbiac
47073,Cours
47080,Dévillac
47116,Gueyze
47118,Hautesvignes
47122,Labretonie
47125,Lacépède
47136,Laperche
47149,Lisse
47162,Massoulès
47166,Meylan
47189,Montignac-Toupinerie
47192,Monviel
47200,Parranquet
47219,Rayet
47232,Saint-Barthélemy-d'Agenais
47239,Saint-Étienne-de-Fougères
47240,Saint-Étienne-de-Villeréal
47249,Saint-Laurent
47256,Saint-Martin-de-Villeréal
47259,Saint-Maurice-de-Lestapel
47261,Saint-Nazaire
47268,Saint-Pierre-de-Caubel
47270,Saint-Pierre-de-Nogaret
47288,Sauvagnas
47308,Thouars-sur-Garonne
47311,Tourliac
47316,Varès
47319,Villebramar
48029,Le Born
48042,Chastel-Nouvel
48052,Combret
48054,Cubiérettes
48055,Cultures
48074,Hures
48078,Lachamp
48108,La Panouse
48109,La Parade
48118,Prades
48125,Le Recoux
48126,Lachamp-Ribennes
48126,Ribennes
48129,Rocles
48159,Saint-Jean-Chazorne
48163,Saint-Julien-des-Points
48182,Saint-Sauveur-de-Ginestoux
48186,La Salle-Prunet
48191,La Tieule
49013,Auverse
49047,Brigné
49062,Chalonnes-sous-le-Lude
49087,Chavaignes
49124,Douces
49146,Les Gardes
49147,Gée
49152,Gohier
49180,Longué
49198,Meigné
49202,Méon
49203,Méron
49228,Noyant-Villages
49234,Parçay-les-Pins
49275,Saint-Ellier
50099,Carentan les Marais
51011,Ante
51025,Auménancourt-le-Grand
51026,Auménancourt-le-Petit
51067,Blaise-sous-Hauteville
51099,Bussy-Lettrée
51131,Charmontois-l'Abbé
51159,Comblizy
51207,Dampierre-sur-Auve
51222,Éclaires
51335,Maclaunay
51366,Le Mesnil-lès-Hurlus
51400,Neuville-sous-Arzillières
51440,Pontfaverger
51448,Prouilly
51481,Saint-Genest
51540,Soigny
51615,Vésigneul-sur-Coole
52005,Aizanville
52026,Augeville
52032,Avrainville
52044,Bettaincourt-sur-Rognon
52046,Bettoncourt-le-Haut
52048,Bienville
52077,Broncourt
52086,Buxières-lès-Froncles
52091,Cerisières
52144,Corlée
52152,Couzon-sur-Coulange
52153,Créancey
52156,Curel-Autigny
52210,Frettes
52211,Froncles-Buxières
52215,Genrupt
52252,Jorquenay
52263,Landéville
52265,Laneuville-à-Bayard
52268,Laneuville-au-Bois
52270,Lannes
52299,Maconcourt
52326,Mirbel
52333,Montlandon
52338,Montribourg
52378,Paroy-sur-Saulx
52382,Percey-sous-Montormentier
52388,Pierrefaites
52389,Pierrefontaines
52402,Prangey
52439,Rouvres-Arbot
52444,Saint-Blin-Semilly
52466,Sauvage-Magny
52469,Semoutiers
52471,Seuchey
52496,Troischamps
52497,Troisfontaines
52507,Vauxbons
52521,Vieux-Moulins
52530,Villemervry
53060,Les Chapelles
53275,Viviers
54361,Ménillot
54405,Ochey-Thuilley
55030,Baudignécourt
55098,Champlon
55131,Cousances-au-Bois
55147,Darmont
55154,Dieue
55203,Génicourt-sous-Condé
55277,Landzécourt
55342,Mondrecourt
55432,Rignaucourt
55478,Savonnières-en-Woëvre
55480,Senard
55483,Senonville
55486,Seraucourt
55487,Seuzey-Vaux
55491,Sommaisne
55513,Tourailles-sous-Bois
55529,Varney
55538,Vaux-la-Grande
55564,Villers-sous-Bonchamp
55569,Vilisle
57005,Achâtel
57138,Chenois
57148,Colligny
57148,Colligny-Maizery
57164,Dain-en-Saulnois
57170,Dédeling
57270,Guénestroff
57369,Kœking
57400,Lidrequin
57423,Lubécourt
57432,Maizery
57449,Marsilly
57470,Molring
57608,Saint-Bernard
57636,Schmittviller
57645,Semécourt
57657,Sotzeling
57749,Vœlfling-lès-Bouzonville
57759,Zarbeling
57766,Saint-Nicolas-en-Forêt
58037,Brassy
58108,Empury
58111,Fâchin
58135,Isenay
58167,Michaugues
58173,Montaron
58195,La Nocle-Maulaix
58199,Onlay
58219,Préporché
58243,Saint-Gratien-Savigny
58274,Savigny-Poil-Fol
58287,Tazilly
58288,Teigny
58313,Vitry-Laché
59095,Bourbourg-Campagne
59245,Forenville
59417,Morenchies
59567,Séranvillers
59643,Warneton-Bas
60049,Bazancourt
60096,Boutavent
60098,Bouvresse
60152,Choisy-la-Victoire
60210,Épineuse
60217,Escames
60247,Fouilleuse
60283,Gouy-les-Groseillers
60419,Montigny
60442,Muidorge
60457,La Neuville-Saint-Pierre
60465,Noirémont
60476,Omécourt
60514,Prévillers
60571,Saint-Deniscourt
60607,Sauqueuse-Saint-Lucien
60673,Viefvillers
60696,Voisinlieu
61022,Bagnoles-de-l'Orne
61134,Courtoulin
61236,Loucé
61249,Marcei
61253,Marmouillé
61254,Marnefer
61312,Notre-Dame-d'Aspres
61483,Tessé-la-Madeleine
62098,Beaumont-en-Artois
62136,Blangermont
62287,Ecquemicourt
62417,Hautecôte
62687,Ranchicourt
63088,La Chapelle-sur-Usson
63101,Château-sur-Cher
63103,Châtelguyon
63127,Creste
63186,Landogne
63191,Lastic
63217,La Mayrand
63331,Saint-Clément-de-Valorgue
63343,Saint-Flour-l'Étang
63351,Saint-Germain-près-Herment
63360,Saint-Hilaire
63416,Savennes
63436,Tralaigues
63442,Valz-sous-Châteauneuf
64030,Arance
64076,Audéjos
64118,Bétracq
64168,Carresse
64169,Cassaber
64246,Gomer
64266,Hours
64329,Lée
64337,Lespielle
64346,Lombia
64361,Lussagnet-Lusson
64369,Maspie-Lalonquère-Juillacq
64442,Parbayse
64455,Portet
64465,Riupeyrous
64515,Sedze-Maubecq
64516,Sedzère
64532,Tadousse-Ussau
65434,Soulan
67042,Birlenbach
67104,Drachenbronn
67122,Engenthal
67174,Gumbrechtshoffen-Niederbronn
67351,Oberseebach
67376,Bischtroff-sur-Sarre
67561,Zollingen
68053,Brinighoffen
68220,Moyen-Muespach
68236,Niederlarg
68339,Ueberkumen
69159,Porte des Pierres Dorées
69262,La Ville
70068,Betoncourt-les-Ménétriers
70144,Chauvirey-le-Vieil
70161,Colombe-lès-Bithaine
70183,Courtesoult-et-Gatey
70191,Cubry-lès-Soing
70209,Échevanne
70212,Éguilley
70225,Fahy-lès-Autrey
70241,Les Fontenis
70266,Gesincourt
70333,Margilley
70354,Montarlot-lès-Champlitte
70365,Mont-le-Frânois
70377,Nantouard
70379,Nervezain
70382,Neuvelle-lès-Champlitte
70424,Presle
70434,Quitteur
70440,Recologne
70458,Saint-Andoche
70465,Saint-Julien
70495,Suaucourt-et-Pisseloup
70502,Tincey-et-Pontrebeau
70508,Trevey
70525,Vauconcourt
70543,Verchamp
70550,Vesoul
70568,Villers-Vaudey
70574,Volon
71211,Géanges
71429,Saint-Jean-des-Vignes
71557,Varenne-Reuillon
71575,Vigny-lès-Paray
72030,Beauvoir
72063,La Chapelle-Gaugain
72242,Ponthouin
72365,Le Val
73013,Albiez-le-Vieux
73016,Ansigny
73046,Bonneval
73115,Fontaine-le-Puits
73165,Mont-Denis
73174,Montrond
73195,Outrechaise
73279,Saint-Sigismond
73284,Salins-Fontaine
74023,Avregny
74039,Bonneguête
74047,Brens
74092,La Côte-d'Hyot
74113,Ésery
74115,Esserts-Salève
74207,Passeirier
74220,Reignier
74230,Saint-Didier-en-Chablais
74247,Saint-Maurice-de-Rumilly
74261,Saxel
74274,Sion
76003,Ambourville
76018,Anglesqueville-sur-Saâne
76020,Anneville
76038,Authieux-Ratiéville
76061,Beaufresne
76062,Beaumont-le-Hareng
76102,Bléville
76106,Bois-d'Ennebourg
76124,Bosc-Hyons
76125,Bosc-le-Hard
76139,Bradiancourt
76150,Butot-en-Caux
76158,Canville-les-Deux-Églises
76163,Catenay
76177,Claville-Motteville
76242,Ernemont-la-Villette
76243,Ernemont-sur-Buchy
76246,Les Essarts-Varimpré
76256,Eurville
76277,Le Fossé
76288,Freulleville
76290,Frichemesnil
76323,Graval
76338,La Hallotière
76343,Haucourt
76369,La Houssaye-Béranger
76383,Lestanville
76416,Mathonville
76424,Ménonval
76430,Mesnil-Follemprise
76437,Meulers
76440,Molagnies
76449,Montreuil-en-Caux
76461,Neufbosc
76505,Pommereux
76526,Ricarville-du-Val
76544,Rouvray-Catillon
76579,Sainte-Geneviève-en-Caux
76583,Saint-Germain-sous-Cailly
76584,Saint-Germain-sur-Eaulne
76590,Saint-Jacques-d'Aliermont
76601,Saint-Lucien
76602,Saint-Maclou-de-Folleville
76625,Saint-Nicolas-de-Bliquetuit
76629,Saint-Ouen-le-Mauger
76632,Saint-Pierre-Bénouville
76643,Saint-Quentin-au-Bosc
76674,Sévis
76687,Thiédeville
76698,Torcy-le-Petit
76722,Varvannes
76723,Vassonville
76724,Vatierville
77324,Moutils
77362,Pierrelez
77502,Villegagnon
78614,Thionville-sur-Opton
78650,Le Vésinet
79011,Ardilleux
79017,Les Aubiers
79021,Availles-sur-Chizé
79023,Avon
79039,Boisserolles
79041,Borcq-sur-Airvault
79044,Bouillé-Saint-Paul
79051,Le Breuil-Bernard
79067,Champeaux
79078,La Charrière
79082,Chavagné
79089,Le Chillou
79098,La Couarde
79110,L'Enclave-de-la-Martinière
79129,Fressines
79138,Gript
79145,Lageon
79146,Lamairé
79181,Montigné
79206,Petit-Breuil-Deyrançon
79214,Pouffonds
79218,Pressigny
79221,Prissé
79222,Pugny
79227,La Revêtizon
79234,Rouvre
79245,Saint-Denis
79248,Saint-Florent
79264,Saint-Léger-lès-Melle
79266,Saint-Liguaire
79272,Saint-Marsault
79282,Saint-Médard
79315,Souché
79325,Tessonnière
79327,Thorigné
79328,Thorigny-sur-le-Mignon
79333,Ulcot
79353,Vitré
80072,Beauvoir-Rivière
80075,Becquincourt
80084,Bernapré
80091,Berny-sur-Noye
80111,Boisrault
80286,Estouilly
80323,Fonchette
80382,Gouy-l'Hôpital
80448,Hyencourt-le-Petit
80454,Laboissière-Saint-Martin
80483,Lincheux-Hallivillers
80506,Manicourt
80554,Molliens-Vidame
80567,Mont-Saint-Quentin
80581,Namps-au-Mont
80610,Onvillers
80623,Piennes
80636,Popincourt
80641,Pressoir
80653,Le Quesnoy
80715,Sainte-Radegonde
80720,Saint-Sulpice
80727,Saulchoy-sur-Davenescourt
80739,Souplicourt
80772,Vacquerie
81013,Andouque
81026,Bellegarde
81047,Cadix
81071,Courris
81082,Le Dourn
81089,Faussergues
81094,Fraissines
81111,Labarthe-Bleys
81113,Labastide-Dénat
81114,Labastide-Gabausse
81122,Lacapelle-Pinet
81141,Lédas-et-Penthiès
81167,Miolles
81172,Montauriol
81175,Montdurausse
81176,Montels
81177,Montfa
81178,Montgaillard
81186,Moularès
81199,Padiès
81224,Le Riols
81228,Roquemaure
81243,Saint-Beauzile
81254,Saint-Jean-de-Marcel
81259,Saint-Julien-Gaulène
81262,Saint-Marcel
81264,Saint-Michel-Labadié
81272,Saint-Urcisse
81285,Sérénac
81321,Le Vintrou
82006,Auterive
82078,Labastide-de-Penne
82097,Lavit
82103,Marignac
82126,Monteils
82133,Mouillac
82157,Saint-Beauzeil
82159,Saint-Cirq
82176,La Salvetat-Belmontet
82193,Vigueron
85057,Charzais
85122,Lesson
85124,La Limouzinière
85170,Payré-sur-Vendée
85173,Petit-Bourg-des-Herbiers
85183,Puybelliard
85203,Sainte-Christine
85225,Saint-Hilaire-de-Mortagne
85230,Saint-Hilaire-du-Bois
85249,Saint-Martin-sous-Mouzeuil
85253,Saint-Médard-des-Prés
85258,Saint-Nicolas-de-Brem
86011,Asnières-sur-Blour
86018,Basses
86020,Bellefonds
86027,Biard
86028,Bignoux
86030,Blaslay
86038,Brion
86044,Ceaux-en-Loudun
86048,Chabournay
86049,Chalais
86051,Champagné-le-Sec
86057,Chapelle-Morthemer
86059,Chapelle-Viviers
86064,Château-Garnier
86067,Châtillon
86071,Cheneché
86076,Cissé
86089,Cuhon
86102,Frozes
86122,Lauthiers
86135,Liniers
86144,Maisonneuve
86149,Martaizé
86150,Massognes
86155,Messais
86159,Millac
86176,Nérignac
86199,Pouzioux
86212,Rossay
86215,Saint-Cassien
86218,Saint-Clair
86227,Saint-Laon
86228,Saint-Laurent-de-Jourdes
86232,Saint-Martial
86233,Saint-Martin-la-Rivière
86240,Saint-Rémy-en-Montmorillon
86243,Saint-Romain-sur-Vienne
86249,Saires
86251,Salles-en-Toulon
86262,Sillars
86265,Sossais
86267,Targé
86270,Thollet
86282,Véniers
86283,Verger-sur-Dive
86284,Vernon
86295,Voulême
86299,Vouzailles
88191,Fruze
88211,Gouécourt
88305,Moncel-et-Happoncourt
88339,Outrancourt
88384,Rémois
88392,Rocourt
89032,Beauvilliers
89040,Bessy-sur-Cure
89045,Bleigny-le-Carreau
89047,Bligny-en-Othe
89049,Bois-d'Arcy
89052,Bouilly
89082,La Chapelle-Vieille-Forêt
89106,Chichy
89135,Cusy
89164,Festigny
89169,Flogny
89248,Menades
89258,Milly
89265,Montigny-la-Resle
89288,Paroy-en-Othe
89305,Poinchy
89320,Quincerot
89322,Rebourseaux
89336,Saint-Brancher
89413,Thorey
89421,Trévilly
89453,Villefargeau
90038,Eschêne-Autrage
90040,Étueffont-Bas
90092,Salbert
90106,Vourvenans
97123,Saint-Barthélemy
97351,Centre-Approuague
97352,Haut-Approuague
97354,Samson
97355,Mana
97359,La Comté
97614,Ouangani
