code_insee,commune,departement,wikidata
01290,Pérouges,01,Q325826
02586,Parfondeval,02,Q871779
03062,Charroux,03,Q273012
04135,Moustiers-Sainte-Marie,04,Q244546
05063,La Grave,05,Q624323
05157,Saint-Véran,05,Q476465
06043,Coaraze,06,Q841580
06068,Gourdon,06,Q272364
06113,Sainte-Agnès,06,Q155413
07023,Balazuc,07,Q270179
07348,Vogüé,07,Q391128
09074,Camon,09,Q634144
11185,Lagrasse,11,Q181605
12024,Belcastel,12,Q328371
12038,Brousse-le-Château,12,Q473963
12076,Conques,12,Q317349
12082,La Couvertoirade,12,Q632612
12098,Estaing,12,Q384378
12167,Najac,12,Q633653
12216,Saint-Côme-d'Olt,12,Q659239
12219,Sainte-Eulalie-d'Olt,12,Q749158
12262,Sauveterre-de-Rouergue,12,Q651933
13011,Les Baux-de-Provence,13,Q243663
14070,Beuvron-en-Auge,14,Q317100
15219,Salers,15,Q658602
15238,Tournemire,15,Q350167
16020,Aubeterre-sur-Dronne,16,Q635709
17019,Ars-en-Ré,17,Q300000
17161,La Flotte,17,Q818583
17247,Mornac-sur-Seudre,17,Q933691
17437,Talmont-sur-Gironde,17,Q663232
18007,Apremont-sur-Allier,18,Q621803
19057,Collonges-la-Rouge,19,Q627479
19067,Curemonte,19,Q453324
19239,Saint-Robert,19,Q196690
19254,Ségur-le-Château,19,Q181804
19273,Turenne,19,Q194569
21152,Châteauneuf,21,Q16718
21271,Flavigny-sur-Ozerain,21,Q333734
22153,Moncontour,22,Q274148
24035,Belvès,24,Q273562
24040,Beynac-et-Cazenac,24,Q185444
24086,Castelnaud-la-Chapelle,24,Q457785
24152,Domme,24,Q243111
24240,Limeuil,24,Q473001
24280,Monpazier,24,Q382281
24355,La Roque-Gageac,24,Q457045
24364,Saint-Amand-de-Coly,24,Q473659
24425,Saint-Jean-de-Côle,24,Q638265
24443,Saint-Léon-sur-Vézère,24,Q622710
25339,Lods,25,Q946953
26138,La Garde-Adhémar,26,Q278566
26185,Mirmande,26,Q682769
26193,Montbrun-les-Bains,26,Q654586
26243,Le Poët-Laval,26,Q468602
27052,Le Bec-Hellouin,27,Q686958
27377,Lyons-la-Forêt,27,Q115476
29134,Locronan,29,Q272369
2A212,Piana,2A,Q686108
2B296,Sant'Antonino,2B,Q246317
30005,Aiguèze,30,Q317362
30151,Lussan,30,Q325248
30175,Montclus,30,Q389229
30222,La Roque-sur-Cèze,30,Q267731
32133,Fourcès,32,Q632063
32194,Larressingle,32,Q145306
32204,Lavardens,32,Q682734
32290,Montréal,32,Q275905
32416,Sarrant,32,Q632087
34158,Minerve,34,Q660013
34187,Olargues,34,Q818070
34261,Saint-Guilhem-le-Désert,34,Q499751
35314,Saint-Suliac,35,Q193562
36081,Gargilesse-Dampierre,36,Q583988
36182,Saint-Benoît-du-Sault,36,Q625293
37042,Candes-Saint-Martin,37,Q476848
37090,Crissay-sur-Manse,37,Q665776
37157,Montrésor,37,Q633643
38359,Saint-Antoine-l'Abbaye,38,Q636272
39041,Baume-les-Messieurs,39,Q675625
39114,Château-Chalon,39,Q680238
41113,Lavardin,41,Q258911
42210,Sainte-Croix-en-Jarez,42,Q946727
43008,Arlempdes,43,Q250332
43033,Blesle,43,Q472992
43117,Lavaudieu,43,Q638247
43154,Pradelles,43,Q638239
45349,Yèvre-le-Châtel,45,Q2175251
46011,Autoire,46,Q624062
46055,Capdenac,46,Q1064107
46057,Cardaillac,46,Q626449
46058,Carennac,46,Q635127
46177,Loubressac,46,Q660510
46256,Saint-Cirq-Lapopie,46,Q751961
47175,Monflanquin,47,Q382272
48146,Sainte-Enimie,48,Q192756
49219,Montsoreau,49,Q656699
50030,Barfleur,50,Q211684
53255,Sainte-Suzanne,53,Q840520
56196,Rochefort-en-Terre,56,Q128259
57588,Rodemack,57,Q21939
57623,Saint-Quirin,57,Q21977
60271,Gerberoy,60,Q690981
61372,Saint-Céneri-le-Gérei,61,Q815920
63241,Montpeyroux,63,Q250389
63439,Usson,63,Q383625
64014,Ainhoa,64,Q212962
64289,La Bastide-Clairence,64,Q317214
64416,Navarrenx,64,Q179949
64485,Saint-Jean-Pied-de-Port,64,Q270294
64504,Sare,64,Q274155
66044,Castelnou,66,Q191094
66074,Eus,66,Q919415
66119,Mosset,66,Q190171
66223,Villefranche-de-Conflent,66,Q501114
67213,Hunspach,67,Q22869
67295,Mittelbergheim,67,Q22436
68078,Eguisheim,68,Q272897
68147,Hunawihr,68,Q83766
68277,Riquewihr,68,Q148959
69146,Oingt,69,Q1983
70408,Pesmes,70,Q601099
71510,Semur-en-Brionnais,71,Q898905
73047,Bonneval-sur-Arc,73,Q736370
74273,Sixt-Fer-à-Cheval,74,Q768759
74315,Yvoire,74,Q761703
81064,Castelnau-de-Montmiral,81,Q829796
81139,Lautrec,81,Q634315
81170,Monestiés,81,Q902972
81217,Puycelsi,81,Q1390535
82008,Auvillar,82,Q789561
82026,Bruniquel,82,Q733480
82094,Lauzerte,82,Q919927
83010,Bargème,83,Q688400
83065,Gassin,83,Q815807
83124,Seillans,83,Q817602
83139,Tourtour,83,Q598006
84002,Ansouis,84,Q322270
84050,Gordes,84,Q272308
84068,Lourmarin,84,Q458748
84073,Ménerbes,84,Q470889
84102,Roussillon,84,Q321139
84126,Séguret,84,Q638392
84143,Venasque,84,Q475991
85305,Vouvant,85,Q838322
86004,Angles-sur-l'Anglin,86,Q540515
87101,Mortemart,87,Q624794
89279,Noyers,89,Q732586
89446,Vézelay,89,Q204979
95523,La Roche-Guyon,95,Q837592
